{"cameraMode":{"drawMode":0,"name":"Shaded","section":"Shading Mode"},"sceneLighting":true,"audioPlay":false,"sceneViewState":{"showFog":true,"showMaterialUpdate":true,"showSkybox":true,"showFlares":true,"showImageEffects":true,"showParticleSystems":true},"in2DMode":false,"pivot":{"x":200.0,"y":99.71292114257813,"z":2.384185791015625e-7},"rotation":{"x":0.012763005681335926,"y":0.961015522480011,"z":-0.272508442401886,"w":0.045009247958660129},"size":14.258408546447754,"orthographic":false}