{"cameraMode":{"drawMode":0,"name":"Shaded","section":"Shading Mode"},"sceneLighting":true,"audioPlay":false,"sceneViewState":{"showFog":true,"showMaterialUpdate":false,"showSkybox":true,"showFlares":true,"showImageEffects":true,"showParticleSystems":true},"in2DMode":false,"pivot":{"x":2.8870999813079835e-8,"y":-1.7695128917694093e-8,"z":1.4901161193847657e-8},"rotation":{"x":0.09656128287315369,"y":-0.5729126930236816,"z":0.06820974498987198,"w":0.8110460042953491},"size":0.5970371961593628,"orthographic":false}