{"cameraMode":{"drawMode":0,"name":"Shaded","section":"Shading Mode"},"sceneLighting":true,"audioPlay":false,"sceneViewState":{"showFog":true,"showMaterialUpdate":true,"showSkybox":true,"showFlares":true,"showImageEffects":true,"showParticleSystems":true},"in2DMode":false,"pivot":{"x":-8.0,"y":167.16802978515626,"z":115.11529541015625},"rotation":{"x":0.14441938698291779,"y":-0.6916068196296692,"z":0.14416027069091798,"w":0.6928501725196838},"size":10.705336570739746,"orthographic":false}