{"cameraMode":{"drawMode":0,"name":"Shaded","section":"Shading Mode"},"sceneLighting":true,"audioPlay":false,"sceneViewState":{"showFog":true,"showMaterialUpdate":true,"showSkybox":true,"showFlares":true,"showImageEffects":true,"showParticleSystems":true},"in2DMode":false,"pivot":{"x":-0.014328360557556153,"y":14.081594467163086,"z":0.02282261848449707},"rotation":{"x":0.025967441499233247,"y":0.830974280834198,"z":-0.03892602026462555,"w":0.5543407797813416},"size":2.8578836917877199,"orthographic":false}