{"cameraMode":{"drawMode":0,"name":"Shaded","section":"Shading Mode"},"sceneLighting":true,"audioPlay":false,"sceneViewState":{"showFog":true,"showMaterialUpdate":true,"showSkybox":true,"showFlares":true,"showImageEffects":true,"showParticleSystems":true},"in2DMode":false,"pivot":{"x":-2483.572265625,"y":-1937.39111328125,"z":3919.73876953125},"rotation":{"x":-0.25420716404914858,"y":0.575683057308197,"z":-0.194494366645813,"w":-0.7524259090423584},"size":8548.33984375,"orthographic":false}